function filepath() {
    return "/Users/MasatoYamazaki/Dropbox/kansai_univ/seminar/study_meeting/database/database_1st.md";
}
function last_modified() {
    return "1495363856";
}
function contents() {
    return "## データベース勉強会 第1回\n\nB4 山崎 雅斗（@mas9612）\n\n---\n\n## 今日やること\n\n* データベースとは\n* データベースのインストール\n* SQLとは\n* データベースを使ってみる\n\n---\n\n## データベースとは\n\n---\n\n> 検索や蓄積が容易にできるよう整理された情報の集まり．通常コンピュータによって実現されたものを指す．\n\nWikipediaより\n\n---\n\n一定の形式で，\n\n* 複数人で共有，利用すること\n* 検索，加工すること\n\nを目的に整理されたデータの集まり\n\n---\n\n### データベースの種類\n\n---\n\n* 階層型\n* ネットワーク型\n* リレーショナル型 など\n\n本勉強会ではリレーショナル型を使います\n\n---\n\n## リレーショナルデータベース\n\n---\n\n* データは表形式で表現される\n    - Excelみたいな感じ\n\n* 表は結合して利用できる\n    - 別の表にあるデータを参照したり…\n\n[サンプル](https://docs.google.com/spreadsheets/d/1WehlQ_hf9d53v8N2dUo3obMwkwekSI0xuTP2r4neXWc/edit#gid=1017255488)\n\n---\n\n### 用語\n\n* データベース: スプレッドシート本体\n\n* テーブル: シート\n\n* カラム: 列\n\n* レコード: 行\n\n* フィールド: セル1つ1つ\n\n---\n\n## データベースのインストール\n\n---\n\nMySQLというデータベース管理システム（DBMS）を使用します\n\n---\n\n### インストール\n\n---\n\nするつもりでしたが，時間かかるのでやめます\n\n---\n\n`10.1.240.100` にssh接続してください\n\nUser: `koba`  \nPass: A pass\n\n---\n\n## SQLとは\n\n---\n\n### SQLとは\n\n* データベース内のデータを操作するための言語\n\n* Structured Query Languageの略と言われている\n    - そんなことはない\n    - そもそも何かの略語ではない\n\n* 主にこのSQLについて勉強していきます\n\n---\n\n## データベースを使ってみよう\n\n---\n\n### MySQLにログインする\n\n```\n$ mysql -u root -p\nEnter password:\n```\n\nPassword: B pass\n\n---\n\n### データベースの作成\n\n* `CREATE DATABASE データベース名;`\n\n* SQLは大文字小文字の区別がないので，全部小文字で入力してもOK\n\n```\nmysql> CREATE DATABASE <名前>_database;\nQuery OK, 1 row affected (0.00 sec)\n```\n\n---\n\n### データベース一覧\n\n* `SHOW DATABASES;`\n\n* ちゃんと作成できてるか確認しておきましょう\n\n```\nmysql> SHOW DATABASES;\n+--------------------+\n| Database           |\n+--------------------+\n| information_schema |\n| k800123_database   |\n| mysql              |\n| performance_schema |\n+--------------------+\n4 rows in set (0.00 sec)\n```\n\n---\n\n### データベースに接続\n\n* `USE データベース名;`\n\n* データベースを作成したら，USE文を使ってそのデータベースに接続しておく\n    - こうすることで，これ以降のSQLでデータベース名を省略することが出来る\n\n```\nmysql> USE <名前>_database;\nDatabase changed\n```\n\n---\n\n### テーブルの作成\n\n* `CREATE TABLE テーブル名 (カラム1[, カラム2, ...])`;\n    - カラム名とデータ型を指定する\n    - データ型の詳細は次回説明\n* 改行は任意で\n\n```\nmysql> CREATE TABLE member (\n    -> id VARCHAR(8),\n    -> name VARCHAR(32)\n    -> );\nQuery OK, 0 rows affected (0.01 sec)\n```\n\n---\n\n### テーブル一覧\n\n* `SHOW TABLES;`\n\n```\nmysql> SHOW TABLES;\n+----------------------------+\n| Tables_in_k800123_database |\n+----------------------------+\n| member                     |\n+----------------------------+\n1 row in set (0.00 sec)\n```\n\n---\n\n## データの操作\n\n---\n\n### データ挿入\n\n* `INSERT INTO テーブル名 (カラム1[, カラム2...])\n    VALUES (値1[, 値2...])`;\n\n```\nmysql> INSERT INTO member (id, name) VALUES (\'k800123\', \'Yamazaki Masato\');\nQuery OK, 1 row affected (0.01 sec)\n```\n\n---\n\n* カラムを省略した場合はデフォルトの値が使用される\n    - NULL\n\n```\nmysql> INSERT INTO member (id) VALUES (\'k123456\');\nQuery OK, 1 row affected (0.00 sec)\n\n+---------+-----------------+\n| id      | name            |\n+---------+-----------------+\n| k800123 | Yamazaki Masato |\n| k123456 | NULL            |\n+---------+-----------------+\n2 rows in set (0.00 sec)\n```\n\n---\n\n## デフォルトの値とは？\n\n---\n\n### テーブル定義の確認\n\n* `DESC テーブル名;`\n\n```\nmysql> DESC member;\n+-------+-------------+------+-----+---------+-------+\n| Field | Type        | Null | Key | Default | Extra |\n+-------+-------------+------+-----+---------+-------+\n| id    | varchar(8)  | YES  |     | NULL    |       |\n| name  | varchar(32) | YES  |     | NULL    |       |\n+-------+-------------+------+-----+---------+-------+\n2 rows in set (0.00 sec)\n```\n\n---\n\n### データ取得\n\n* `SELECT カラム名 FROM テーブル名`;\n* カラム名に `*` （アスタリスク）を指定すると，すべてのカラムを対象とする\n    - `SELECT * FROM member;` と `SELECT id, name FROM member;` は同じ\n\n```\nmysql> SELECT * FROM member;\n+---------+-----------------+\n| id      | name            |\n+---------+-----------------+\n| k800123 | Yamazaki Masato |\n+---------+-----------------+\n1 row in set (0.00 sec)\n```\n\n---\n\n* idだけを取り出す\n\n```\nmysql> SELECT id FROM member;\n+---------+\n| id      |\n+---------+\n| k800123 |\n| k123456 |\n+---------+\n2 rows in set (0.00 sec)\n```\n\n---\n\n* カラムに別名をつける\n* `SELECT カラム名 別名 FROM テーブル名`;\n\n```\nmysql> SELECT id 学籍番号, name 氏名 FROM member;\n+--------------+-----------------+\n| 学籍番号     | 氏名            |\n+--------------+-----------------+\n| k800123      | Yamazaki Masato |\n| k123456      | NULL            |\n+--------------+-----------------+\n2 rows in set (0.00 sec)\n```\n\n---\n\n## 練習問題\n\n---\n\n以下のようなテーブルを作成する\n\n* テーブル名: `books`\n\n| カラム名 | データ型 |\n|:---------|:---------|\n| isbn     | VARCHAR(32) |\n| title    | VARCHAR(32) |\n| author   | VARCHAR(32) |\n\n---\n\n作成したテーブルに次のデータを追加する\n\n| isbn | title | author |\n|:-----|:------|:-------|\n| 4-87311-281-8 | 初めてのSQL | Alan Beaulieu |\n| 4-87311-138-2 | UNIXシステム管理 | AEleen Frisch |\n\n---\n\nbooksテーブルから次のようにデータを取り出す\n\n1. 全てのカラム\n1. ISBNと本のタイトルのみ\n1. ISBNと著者のみ．\nそれぞれ，isbn→ISBN，author→著者のようにカラムに別名をつける";
}
